{
  "type": "minecraft:crafting_shaped",
  "category": "misc",
  "pattern": [
    " 1 ",
    "345",
    " 7 "
  ],
  "key": {
    "1": {
      "item": "watermelon_play_simulator_2:experience"
    },
    "3": {
      "item": "watermelon_play_simulator_2:experience"
    },
    "4": {
      "item": "minecraft:writable_book"
    },
    "5": {
      "item": "watermelon_play_simulator_2:experience"
    },
    "7": {
      "item": "watermelon_play_simulator_2:experience"
    }
  },
  "result": {
    "item": "watermelon_play_simulator_2:datas_book",
    "count": 1
  }
}