{
  "type": "minecraft:crafting_shaped",
  "category": "misc",
  "pattern": [
    " 1 ",
    "345",
    "678"
  ],
  "key": {
    "1": {
      "item": "watermelon_play_simulator_2:not_real_iron_block"
    },
    "3": {
      "item": "watermelon_play_simulator_2:liver_stone"
    },
    "4": {
      "item": "minecraft:diamond"
    },
    "5": {
      "item": "watermelon_play_simulator_2:liver_stone"
    },
    "6": {
      "item": "watermelon_play_simulator_2:liver_stone"
    },
    "7": {
      "item": "watermelon_play_simulator_2:liver_stone"
    },
    "8": {
      "item": "watermelon_play_simulator_2:liver_stone"
    }
  },
  "result": {
    "item": "watermelon_play_simulator_2:not_real_block_processor",
    "count": 1
  }
}