{
  "_fv": 43,
  "_type": "gui",
  "definition": {
    "type": 0,
    "width": 300,
    "height": 200,
    "inventoryOffsetX": 0,
    "inventoryOffsetY": 0,
    "renderBgLayer": true,
    "doesPauseGame": false,
    "components": [
      {
        "type": "button",
        "data": {
          "name": "button_upload_video",
          "text": "Upload Video",
          "onClick": {
            "name": "FaShiPingDangYouJianDianJiFangKuaiShiFangKuaiDeWeiZhi"
          },
          "width": 87,
          "height": 20,
          "x": 69,
          "y": 26
        }
      },
      {
        "type": "button",
        "data": {
          "name": "button_highly_recommended",
          "text": "Highly Recommended",
          "onClick": {
            "name": "QiangLieTieJianDangYouJianDianJiFangKuaiShiFangKuaiDeWeiZhi"
          },
          "width": 119,
          "height": 20,
          "x": 69,
          "y": 53
        }
      },
      {
        "type": "label",
        "data": {
          "name": "label_skillswip",
          "text": {
            "fixedValue": "Skills"
          },
          "color": {
            "value": -12829636,
            "falpha": 0.0
          },
          "displayCondition": {
            "name": "Unlockdg13"
          },
          "x": 69,
          "y": 80
        }
      },
      {
        "type": "button",
        "data": {
          "name": "button_court_votes",
          "text": "Court Votes",
          "onClick": {
            "name": "Lapiaoanniu"
          },
          "displayCondition": {
            "name": "Unlockdg13"
          },
          "width": 82,
          "height": 20,
          "x": 69,
          "y": 89
        }
      },
      {
        "type": "label",
        "data": {
          "name": "label_cooling",
          "text": {
            "fixedValue": "Cooling!"
          },
          "color": {
            "value": -12829636,
            "falpha": 0.0
          },
          "displayCondition": {
            "name": "Showlqz"
          },
          "x": 159,
          "y": 35
        }
      }
    ],
    "gridSettings": {
      "sx": 18,
      "sy": 18,
      "ox": 11,
      "oy": 15,
      "snapOnGrid": true
    }
  }
}