{
  "_fv": 43,
  "_type": "gui",
  "definition": {
    "type": 0,
    "width": 300,
    "height": 200,
    "inventoryOffsetX": 0,
    "inventoryOffsetY": 0,
    "renderBgLayer": true,
    "doesPauseGame": false,
    "components": [
      {
        "type": "label",
        "data": {
          "name": "label_your_experience",
          "text": {
            "fixedValue": "Your Experience:"
          },
          "color": {
            "value": -12829636,
            "falpha": 0.0
          },
          "x": 69,
          "y": 62
        }
      },
      {
        "type": "label",
        "data": {
          "name": "label_proc_showexp",
          "text": {
            "fixedValue": "",
            "name": "Showexp"
          },
          "color": {
            "value": -12829636,
            "falpha": 0.0
          },
          "x": 159,
          "y": 62
        }
      },
      {
        "type": "label",
        "data": {
          "name": "label_your_lv",
          "text": {
            "fixedValue": "Your Lv:"
          },
          "color": {
            "value": -12829636,
            "falpha": 0.0
          },
          "x": 69,
          "y": 44
        }
      },
      {
        "type": "label",
        "data": {
          "name": "label_proc_showlv",
          "text": {
            "fixedValue": "",
            "name": "Showlv"
          },
          "color": {
            "value": -12829636,
            "falpha": 0.0
          },
          "x": 114,
          "y": 44
        }
      },
      {
        "type": "label",
        "data": {
          "name": "label_skill_points155lv",
          "text": {
            "fixedValue": "Skill points=15+5*lv"
          },
          "color": {
            "value": -12829636,
            "falpha": 0.0
          },
          "x": 69,
          "y": 80
        }
      },
      {
        "type": "label",
        "data": {
          "name": "label_your_name",
          "text": {
            "fixedValue": "Your Name:"
          },
          "color": {
            "value": -12829636,
            "falpha": 0.0
          },
          "x": 69,
          "y": 26
        }
      },
      {
        "type": "label",
        "data": {
          "name": "label_proc_showname",
          "text": {
            "fixedValue": "",
            "name": "Showname"
          },
          "color": {
            "value": -12829636,
            "falpha": 0.0
          },
          "x": 123,
          "y": 26
        }
      },
      {
        "type": "button",
        "data": {
          "name": "button_upgrade",
          "text": "upgrade",
          "onClick": {
            "name": "Dbupgrade"
          },
          "width": 61,
          "height": 20,
          "x": 177,
          "y": 179
        }
      }
    ],
    "gridSettings": {
      "sx": 18,
      "sy": 18,
      "ox": 11,
      "oy": 15,
      "snapOnGrid": true
    }
  }
}