{
  "_fv": 43,
  "_type": "gui",
  "definition": {
    "type": 0,
    "width": 320,
    "height": 166,
    "inventoryOffsetX": 0,
    "inventoryOffsetY": 0,
    "renderBgLayer": true,
    "doesPauseGame": false,
    "components": [
      {
        "type": "button",
        "data": {
          "name": "button_dg11",
          "text": "DG1-1",
          "onClick": {
            "name": "Dg11anniu"
          },
          "width": 51,
          "height": 20,
          "x": 60,
          "y": 44
        }
      },
      {
        "type": "button",
        "data": {
          "name": "button_dg12",
          "text": "DG1-2",
          "onClick": {
            "name": "Dg12anniu"
          },
          "displayCondition": {
            "name": "Unlockdg12"
          },
          "width": 51,
          "height": 20,
          "x": 123,
          "y": 44
        }
      },
      {
        "type": "button",
        "data": {
          "name": "button_dg13",
          "text": "DG1-3",
          "onClick": {
            "name": "Dg13anniu"
          },
          "displayCondition": {
            "name": "Unlockdg13"
          },
          "width": 51,
          "height": 20,
          "x": 186,
          "y": 44
        }
      },
      {
        "type": "button",
        "data": {
          "name": "button_dg14",
          "text": "DG1-4",
          "onClick": {
            "name": "Dg14anniu"
          },
          "displayCondition": {
            "name": "Unlockdg14"
          },
          "width": 51,
          "height": 20,
          "x": 249,
          "y": 44
        }
      }
    ],
    "onOpen": {
      "name": "DgchooselevelDangZheGeJieMianDaKaiShi"
    },
    "gridSettings": {
      "sx": 18,
      "sy": 18,
      "ox": 11,
      "oy": 15,
      "snapOnGrid": true
    }
  }
}