{
  "_fv": 43,
  "_type": "structure",
  "definition": {
    "structure": "digehouse_fixed",
    "randomlyRotateStructure": true,
    "surfaceDetectionType": "First motion blocking block",
    "spawnProbability": 2000,
    "minCountPerChunk": 1,
    "maxCountPerChunk": 1,
    "spawnLocation": "Ground",
    "spawnHeightOffset": 1,
    "spawnXOffset": 0,
    "spawnZOffset": 0,
    "spawnWorldTypes": [
      "Surface",
      "CUSTOM:Xgplaymnq2"
    ],
    "restrictionBlocks": [],
    "restrictionBiomes": [],
    "ignoreBlocks": "STRUCTURE_BLOCK"
  }
}