{
  "_fv": 43,
  "_type": "recipe",
  "definition": {
    "recipeType": "Crafting",
    "recipeRetstackSize": 2,
    "group": "",
    "cookingBookCategory": "MISC",
    "xpReward": 0.0,
    "cookingTime": 200,
    "craftingBookCategory": "MISC",
    "recipeShapeless": true,
    "recipeSlots": [
      {
        "value": "CUSTOM:ExpBlock"
      },
      {
        "value": ""
      },
      {
        "value": ""
      },
      {
        "value": "Items.GLASS_BOTTLE"
      },
      {
        "value": "Items.GLASS_BOTTLE"
      },
      {
        "value": ""
      },
      {
        "value": ""
      },
      {
        "value": ""
      },
      {
        "value": ""
      }
    ],
    "recipeReturnStack": {
      "value": "Items.EXPERIENCE_BOTTLE"
    },
    "name": "exp_to_exp_bottle",
    "namespace": "mod"
  }
}