{
  "_fv": 43,
  "_type": "recipe",
  "definition": {
    "recipeType": "Smelting",
    "recipeRetstackSize": 1,
    "group": "",
    "cookingBookCategory": "MISC",
    "xpReward": 0.5,
    "cookingTime": 200,
    "craftingBookCategory": "MISC",
    "recipeShapeless": false,
    "smeltingInputStack": {
      "value": "CUSTOM:Notrealironblock"
    },
    "smeltingReturnStack": {
      "value": "CUSTOM:Bigironnugget"
    },
    "name": "iron_nugget_from_not_real_iron_block",
    "namespace": "mod"
  }
}