{
  "_fv": 43,
  "_type": "villagertrade",
  "definition": {
    "tradeEntries": [
      {
        "villagerProfession": {
          "value": "CUSTOM:NewVillager"
        },
        "entries": [
          {
            "price1": {
              "value": "CUSTOM:DiamondNugget"
            },
            "countPrice1": 20,
            "price2": {
              "value": "CUSTOM:Experience"
            },
            "countPrice2": 15,
            "offer": {
              "value": "Blocks.OBSIDIAN"
            },
            "countOffer": 1,
            "level": 1,
            "maxTrades": 12,
            "xp": 2,
            "priceMultiplier": 0.05
          },
          {
            "price1": {
              "value": "CUSTOM:DiamondNugget"
            },
            "countPrice1": 40,
            "price2": {
              "value": "CUSTOM:Experience"
            },
            "countPrice2": 30,
            "offer": {
              "value": "CUSTOM:Xgplaymnq2"
            },
            "countOffer": 1,
            "level": 1,
            "maxTrades": 1,
            "xp": 5,
            "priceMultiplier": 0.05
          },
          {
            "price1": {
              "value": "CUSTOM:DiamondNugget"
            },
            "countPrice1": 40,
            "price2": {
              "value": "CUSTOM:Experience"
            },
            "countPrice2": 25,
            "offer": {
              "value": "Items.EMERALD"
            },
            "countOffer": 1,
            "level": 2,
            "maxTrades": 12,
            "xp": 10,
            "priceMultiplier": 0.05
          },
          {
            "price1": {
              "value": "CUSTOM:DiamondNugget"
            },
            "countPrice1": 20,
            "price2": {
              "value": "CUSTOM:Experience"
            },
            "countPrice2": 10,
            "offer": {
              "value": "CUSTOM:Dragonlight"
            },
            "countOffer": 1,
            "level": 2,
            "maxTrades": 12,
            "xp": 10,
            "priceMultiplier": 0.05
          },
          {
            "price1": {
              "value": "CUSTOM:BigDiamondNugget"
            },
            "countPrice1": 10,
            "price2": {
              "value": "CUSTOM:ExpBlock"
            },
            "countPrice2": 10,
            "offer": {
              "value": "CUSTOM:DGstart"
            },
            "countOffer": 1,
            "level": 3,
            "maxTrades": 1,
            "xp": 25,
            "priceMultiplier": 0.05
          }
        ]
      }
    ]
  }
}