{
  "_fv": 43,
  "_type": "recipe",
  "definition": {
    "recipeType": "Crafting",
    "recipeRetstackSize": 1,
    "group": "",
    "cookingBookCategory": "MISC",
    "xpReward": 0.0,
    "cookingTime": 200,
    "craftingBookCategory": "MISC",
    "recipeShapeless": false,
    "recipeSlots": [
      {
        "value": ""
      },
      {
        "value": "CUSTOM:Notrealironblock"
      },
      {
        "value": ""
      },
      {
        "value": "CUSTOM:Ganstone"
      },
      {
        "value": "Items.DIAMOND"
      },
      {
        "value": "CUSTOM:Ganstone"
      },
      {
        "value": "CUSTOM:Ganstone"
      },
      {
        "value": "CUSTOM:Ganstone"
      },
      {
        "value": "CUSTOM:Ganstone"
      }
    ],
    "recipeReturnStack": {
      "value": "CUSTOM:NotRealBlockChuLiQi"
    },
    "name": "not_real_block_chu_li_qi_r_1cip_1",
    "namespace": "mod"
  }
}