{
  "_fv": 43,
  "_type": "fluid",
  "definition": {
    "name": "Poison Water",
    "bucketName": "Poison Water Bucket",
    "textureStill": "water_still",
    "textureFlowing": "water_flow",
    "tintType": "No tint",
    "canMultiply": true,
    "flowRate": 5,
    "levelDecrease": 1,
    "slopeFindDistance": 4,
    "spawnParticles": false,
    "dripParticle": {
      "value": "EXPLOSION_NORMAL"
    },
    "flowStrength": 1.0,
    "luminosity": 0,
    "density": 1000,
    "viscosity": 1000,
    "temperature": 300,
    "type": "WATER",
    "generateBucket": true,
    "textureBucket": "",
    "creativeTab": {
      "value": "CUSTOM:Tadxgplaymnq2"
    },
    "emptySound": {
      "value": ""
    },
    "rarity": "COMMON",
    "specialInfo": [],
    "resistance": 100.0,
    "luminance": 0,
    "lightOpacity": 1,
    "emissiveRendering": false,
    "tickRate": 10,
    "flammability": 0,
    "fireSpreadSpeed": 0,
    "colorOnMap": "WATER",
    "onEntityCollides": {
      "name": "PoisonWaterDangShengWuWanJiaPengZhuangCiFangKuaiShi"
    }
  }
}