{
  "_fv": 43,
  "_type": "overlay",
  "definition": {
    "priority": "NORMAL",
    "components": [
      {
        "type": "label",
        "data": {
          "name": "label_proc_showps",
          "text": {
            "fixedValue": "",
            "name": "Showps"
          },
          "color": {
            "value": -1,
            "falpha": 0.0
          },
          "x": 6,
          "y": 17
        }
      },
      {
        "type": "label",
        "data": {
          "name": "label_proc_showmb",
          "text": {
            "fixedValue": "",
            "name": "Showmb"
          },
          "color": {
            "value": -1,
            "falpha": 0.0
          },
          "x": 6,
          "y": 35
        }
      },
      {
        "type": "label",
        "data": {
          "name": "label_your_ticket",
          "text": {
            "fixedValue": "your tickets:"
          },
          "color": {
            "value": -1,
            "falpha": 0.0
          },
          "x": 6,
          "y": 8
        }
      },
      {
        "type": "label",
        "data": {
          "name": "label_target_tickets",
          "text": {
            "fixedValue": "target tickets:"
          },
          "color": {
            "value": -1,
            "falpha": 0.0
          },
          "x": 6,
          "y": 26
        }
      },
      {
        "type": "label",
        "data": {
          "name": "label_your_hui_he_shu",
          "text": {
            "fixedValue": "your number of rounds:"
          },
          "color": {
            "value": -1,
            "falpha": 0.0
          },
          "x": 6,
          "y": 44
        }
      },
      {
        "type": "label",
        "data": {
          "name": "label_proc_showhhs",
          "text": {
            "fixedValue": "",
            "name": "Showhhs"
          },
          "color": {
            "value": -1,
            "falpha": 0.0
          },
          "x": 6,
          "y": 53
        }
      },
      {
        "type": "label",
        "data": {
          "name": "label_target_hui_he_shu",
          "text": {
            "fixedValue": "target number of rounds:"
          },
          "color": {
            "value": -1,
            "falpha": 0.0
          },
          "x": 6,
          "y": 62
        }
      },
      {
        "type": "label",
        "data": {
          "name": "label_proc_showmbhhs",
          "text": {
            "fixedValue": "",
            "name": "Showmbhhs"
          },
          "color": {
            "value": -1,
            "falpha": 0.0
          },
          "x": 6,
          "y": 71
        }
      },
      {
        "type": "label",
        "data": {
          "name": "label_your_skill_points",
          "text": {
            "fixedValue": "your skill points:"
          },
          "color": {
            "value": -1,
            "falpha": 0.0
          },
          "displayCondition": {
            "name": "Unlockdg13"
          },
          "x": 6,
          "y": 80
        }
      },
      {
        "type": "label",
        "data": {
          "name": "label_proc_showjnd",
          "text": {
            "fixedValue": "",
            "name": "Showjnd"
          },
          "color": {
            "value": -1,
            "falpha": 0.0
          },
          "displayCondition": {
            "name": "Unlockdg13"
          },
          "x": 6,
          "y": 89
        }
      }
    ],
    "baseTexture": "",
    "overlayTarget": "Ingame",
    "displayCondition": {
      "name": "IsPlayerInXgplaymnq2"
    },
    "gridSettings": {
      "sx": 18,
      "sy": 18,
      "ox": 11,
      "oy": 15,
      "snapOnGrid": true
    }
  }
}