{
  "_fv": 43,
  "_type": "dimension",
  "definition": {
    "biomesInDimension": [
      {
        "value": "CUSTOM:XgplaymnqQunxi"
      }
    ],
    "worldGenType": "Normal world gen",
    "mainFillerBlock": {
      "value": "Blocks.STONE#0"
    },
    "fluidBlock": {
      "value": "CUSTOM:PoisonWater"
    },
    "canRespawnHere": false,
    "hasFog": false,
    "isDark": false,
    "doesWaterVaporize": false,
    "sleepResult": "DENY",
    "hasSkyLight": true,
    "imitateOverworldBehaviour": false,
    "onPlayerEntersDimension": {
      "name": "Xgplaymnq2DangWanJiaJinRuWeiDuShi"
    },
    "portalFrame": {
      "value": "CUSTOM:Ganstone"
    },
    "portalParticles": {
      "value": "PORTAL"
    },
    "portalLuminance": 0,
    "portalSound": {
      "value": "block.portal.ambient"
    },
    "enableIgniter": true,
    "igniterName": "watermelon play simulator 2 Portal Igniter",
    "igniterTab": {
      "value": "CUSTOM:Tadxgplaymnq2"
    },
    "texture": "jihuo",
    "portalTexture": "portal_block",
    "enablePortal": true
  }
}