{
  "parent": "block/cube",
  "textures": {
    "down": "watermelon_play_simulator_2:block/dragon_lantern",
    "up": "watermelon_play_simulator_2:block/dragon_lantern",
    "north": "watermelon_play_simulator_2:block/dragon_lantern",
    "east": "watermelon_play_simulator_2:block/dragon_lantern",
    "south": "watermelon_play_simulator_2:block/dragon_lantern",
    "west": "watermelon_play_simulator_2:block/dragon_lantern",
    "particle": "watermelon_play_simulator_2:block/dragon_lantern"
  },
  "render_type": "solid"
}