{
  "parent": "block/cube",
  "textures": {
    "down": "watermelon_play_simulator_2:block/liver_stone",
    "up": "watermelon_play_simulator_2:block/iron_block",
    "north": "watermelon_play_simulator_2:block/liver_stone",
    "east": "watermelon_play_simulator_2:block/liver_stone",
    "south": "watermelon_play_simulator_2:block/liver_stone",
    "west": "watermelon_play_simulator_2:block/liver_stone",
    "particle": "watermelon_play_simulator_2:block/liver_stone"
  },
  "render_type": "solid"
}