{
  "type": "watermelon_play_simulator_2:liver_stone",
  "config": {
    "size": 17,
    "discard_chance_on_air_exposure": 0,
    "targets": [
      {
        "target": {
          "predicate_type": "blockstate_match",
          "block_state": {
            "Name": "minecraft:stone"
          }
        },
        "state": {
          "Name": "watermelon_play_simulator_2:liver_stone"
        }
      },
      {
        "target": {
          "predicate_type": "blockstate_match",
          "block_state": {
            "Name": "minecraft:granite"
          }
        },
        "state": {
          "Name": "watermelon_play_simulator_2:liver_stone"
        }
      },
      {
        "target": {
          "predicate_type": "blockstate_match",
          "block_state": {
            "Name": "minecraft:diorite"
          }
        },
        "state": {
          "Name": "watermelon_play_simulator_2:liver_stone"
        }
      },
      {
        "target": {
          "predicate_type": "blockstate_match",
          "block_state": {
            "Name": "minecraft:deepslate",
            "Properties": {
              "axis": "y"
            }
          }
        },
        "state": {
          "Name": "watermelon_play_simulator_2:liver_stone"
        }
      },
      {
        "target": {
          "predicate_type": "blockstate_match",
          "block_state": {
            "Name": "minecraft:tuff"
          }
        },
        "state": {
          "Name": "watermelon_play_simulator_2:liver_stone"
        }
      }
    ]
  }
}